{
  "bao_viet_nam": {
    "lists": [
      "24h.com.vn",
      "Vnexpress.net",
      "Thethao247.vn",
      "Dantri.com.vn",
      "Cafebiz.vn",
      "CafeF.vn",
      "Tuoitre.vn",
      "Thanhnien.vn",
      "Vneconomy.vn"
    ],
    "categories": {
      "24h.com.vn": [
        { "name": "1. Trang chủ", "url": "https://cdn.24h.com.vn/upload/rss/trangchu24h.rss" },
        { "name": "2. Tin tức trong ngày", "url": "https://cdn.24h.com.vn/upload/rss/tintuctrongngay.rss" },
        { "name": "3. Bóng đá", "url": "https://cdn.24h.com.vn/upload/rss/bongda.rss" },
        { "name": "4. Thời trang", "url": "https://cdn.24h.com.vn/upload/rss/thoitrang.rss" },
        { "name": "5. Thời trang Hi-tech", "url": "https://cdn.24h.com.vn/upload/rss/thoitranghitech.rss" },
        { "name": "6. Ẩm thực", "url": "https://cdn.24h.com.vn/upload/rss/amthuc.rss" },
        { "name": "7. Làm đẹp", "url": "https://cdn.24h.com.vn/upload/rss/lamdep.rss" },
        { "name": "8. Phim", "url": "https://cdn.24h.com.vn/upload/rss/phim.rss" },
        { "name": "9. Giáo dục - du học", "url": "https://cdn.24h.com.vn/upload/rss/giaoducduhoc.rss" },
        { "name": "10. Bạn trẻ - Cuộc sống", "url": "https://cdn.24h.com.vn/upload/rss/bantrecuocsong.rss" },
        { "name": "11. Ca nhạc - MTV", "url": "https://cdn.24h.com.vn/upload/rss/canhacmtv.rss" },
        { "name": "12. Thể thao", "url": "https://cdn.24h.com.vn/upload/rss/thethao.rss" },
        { "name": "13. Công nghệ thông tin", "url": "https://cdn.24h.com.vn/upload/rss/congnghethongtin.rss" },
        { "name": "14. Ô tô", "url": "https://cdn.24h.com.vn/upload/rss/oto.rss" },
        { "name": "15. Thị trường - Tiêu dùng", "url": "https://cdn.24h.com.vn/upload/rss/thitruongtieudung.rss" },
        { "name": "16. Du lịch", "url": "https://cdn.24h.com.vn/upload/rss/dulich24h.rss" },
        { "name": "17. Sức khỏe đời sống", "url": "https://cdn.24h.com.vn/upload/rss/suckhoedoisong.rss" },
        { "name": "18. Cười 24h", "url": "https://cdn.24h.com.vn/upload/rss/cuoi24h.rss" }
      ],
      "Tienphong.vn": [
        { "name": "1. Trang chủ", "url": "https://tienphong.vn/rss/home.rss" },
        { "name": "2. Xã hội", "url": "https://tienphong.vn/rss/xa-hoi-2.rss" },
        { "name": "3. Kinh tế", "url": "https://tienphong.vn/rss/kinh-te-3.rss" },
        { "name": "4. Sóng xanh", "url": "https://tienphong.vn/rss/song-xanh-441.rss" },
        { "name": "5. Địa ốc", "url": "https://tienphong.vn/rss/dia-oc-166.rss" },
        { "name": "6. Sức khỏe", "url": "https://tienphong.vn/rss/suc-khoe-210.rss" },
        { "name": "7. Thế giới", "url": "https://tienphong.vn/rss/the-gioi-5.rss" },
        { "name": "8. Giới trẻ", "url": "https://tienphong.vn/rss/gioi-tre-4.rss" },
        { "name": "9. Pháp luật", "url": "https://tienphong.vn/rss/phap-luat-12.rss" },
        { "name": "10. Thể thao", "url": "https://tienphong.vn/rss/the-thao-11.rss" },
        { "name": "11. Người lính", "url": "https://tienphong.vn/rss/hanh-trang-nguoi-linh-182.rss" },
        { "name": "12. Xe", "url": "https://tienphong.vn/rss/xe-113.rss" },
        { "name": "13. Văn hóa", "url": "https://tienphong.vn/rss/van-hoa-7.rss" },
        { "name": "14. Giai trí", "url": "https://tienphong.vn/rss/giai-tri-36.rss" },
        { "name": "15. Giáo dục", "url": "https://tienphong.vn/rss/giao-duc-71.rss" },
        { "name": "16. Khoa học", "url": "https://tienphong.vn/rss/khoa-hoc-45.rss" },
        { "name": "17. Hoa hậu", "url": "https://tienphong.vn/rss/hoa-hau-253.rss" },
        { "name": "18. Bạn đọc", "url": "https://tienphong.vn/rss/ban-doc-15.rss" },
        { "name": "12. Tôi nghĩ", "url": "https://tienphong.vn/rss/toi-nghi-273.rss" },
        { "name": "13. Nhật báo", "url": "https://tienphong.vn/rss/nhat-bao-433.rss" },
        { "name": "14. Hàng không- du lịch", "url": "https://tienphong.vn/rss/hang-khong-du-lich-220.rss" },
        { "name": "15. Nhịp sống thủ đô", "url": "https://tienphong.vn/rss/nhip-song-thu-do-242.rss" },
        { "name": "16. Nhịp sống phương nam", "url": "https://tienphong.vn/rss/nhip-song-phuong-nam-408.rss" }
      ],
      "Vneconomy.vn": [
        { "name": "1. Tin mới", "url": "https://vneconomy.vn/tin-moi.rss" },
        { "name": "2. Tiêu điểm", "url": "https://vneconomy.vn/tieu-diem.rss" },
        { "name": "3. Kinh tế xanh", "url": "https://vneconomy.vn/kinh-te-xanh.rss" },
        { "name": "4. Chứng khoán", "url": "https://vneconomy.vn/chung-khoan.rss" },
        { "name": "5. Tài chính", "url": "https://vneconomy.vn/tai-chinh.rss" },
        { "name": "6. Kinh tế số", "url": "https://vneconomy.vn/kinh-te-so.rss" },
        { "name": "7. Hạ tầng", "url": "https://vneconomy.vn/dau-tu-ha-tang.rss" },
        { "name": "8. Bất động sản", "url": "https://vneconomy.vn/dia-oc.rss" },
        { "name": "9. Thị trường", "url": "https://vneconomy.vn/thi-truong.rss" },
        { "name": "10. Thế giới", "url": "https://vneconomy.vn/kinh-te-the-gioi.rss" },
        { "name": "11. Ấn phẩm", "url": "https://vneconomy.vn/an-pham.rss" },
        { "name": "12. Doanh nghiệp", "url": "https://vneconomy.vn/nhip-cau-doanh-nghiep.rss" },
        { "name": "13. Multimedia", "url": "https://vneconomy.vn/multimedia.rss" },
        { "name": "14. Đầu tư", "url": "https://vneconomy.vn/dau-tu.rss" },
        { "name": "15. Tiêu dùng", "url": "https://vneconomy.vn/tieu-dung.rss" },
        { "name": "16. Công nghệ & Startup", "url": "https://vneconomy.vn/cong-nghe-startup.rss" },
        { "name": "17. Dân sinh", "url": "https://vneconomy.vn/dan-sinh.rss" }
      ],
      "Vnexpress.net": [
        { "name": "1. Tin mới nhất", "url": "https://vnexpress.net/rss/tin-moi-nhat.rss" },
        { "name": "2. Tin nổi bật", "url": "https://vnexpress.net/rss/tin-noi-bat.rss" },
        { "name": "3. Tin xem nhiều", "url": "https://vnexpress.net/rss/tin-xem-nhieu.rss" },
        { "name": "4. Thế giới", "url": "https://vnexpress.net/rss/the-gioi.rss" },
        { "name": "5. Thời sự", "url": "https://vnexpress.net/rss/thoi-su.rss" },
        { "name": "6. Kinh doanh", "url": "https://vnexpress.net/rss/kinh-doanh.rss" },
        { "name": "7. Startup", "url": "https://vnexpress.net/rss/startup.rss" },
        { "name": "8. Giải trí", "url": "https://vnexpress.net/rss/giai-tri.rss" },
        { "name": "9. Thể thao", "url": "https://vnexpress.net/rss/the-thao.rss" },
        { "name": "10. Pháp luật", "url": "https://vnexpress.net/rss/phap-luat.rss" },
        { "name": "11. Giáo dục", "url": "https://vnexpress.net/rss/giao-duc.rss" },
        { "name": "12. Sức khỏe", "url": "https://vnexpress.net/rss/suc-khoe.rss" },
        { "name": "13. Gia đình", "url": "https://vnexpress.net/rss/gia-dinh.rss" },
        { "name": "14. Du lịch", "url": "https://vnexpress.net/rss/du-lich.rss" },
        { "name": "15. Khoa học - Công nghệ", "url": "https://vnexpress.net/rss/khoa-hoc-cong-nghe.rss" },
        { "name": "16. Ô tô - Xe máy", "url": "https://vnexpress.net/rss/oto-xe-may.rss" },
        { "name": "17. Ý kiến", "url": "https://vnexpress.net/rss/y-kien.rss" },
        { "name": "18. Tâm sự", "url": "https://vnexpress.net/rss/tam-su.rss" },
        { "name": "19. Cười", "url": "https://vnexpress.net/rss/cuoi.rss" }
      ],
      "Thethao247.vn": [
        { "name": "1. Trang chủ", "url": "https://thethao247.vn/trang-chu.rss" },
        { "name": "2. Thể thao 24h", "url": "https://thethao247.vn/the-thao-24h.rss" },
        { "name": "3. Bóng đá", "url": "https://thethao247.vn/bong-da.rss" },
        { "name": "4. World Cup", "url": "https://thethao247.vn/world-cup.rss" },
        { "name": "5. Bóng đá Việt Nam", "url": "https://thethao247.vn/bong-da-viet-nam-c1.rss" },
        { "name": "5.1. Hạng nhì", "url": "https://thethao247.vn/hang-nhi-2021-c292.rss" },
        { "name": "5.2. V-League", "url": "https://thethao247.vn/v-league-c15.rss" },
        { "name": "5.3. Hạng nhất", "url": "https://thethao247.vn/giai-hang-nhat-c16.rss" },
        { "name": "5.4. Đội tuyển quốc gia", "url": "https://thethao247.vn/tuyen-quoc-gia-vn-c19.rss" },
        { "name": "5.5. Bóng đá nữ", "url": "https://thethao247.vn/bong-da-nu-viet-nam-c20.rss" },
        { "name": "5.6. Sự kiện", "url": "https://thethao247.vn/su-kien-c33.rss" },
        { "name": "5.7. U17 quốc gia", "url": "https://thethao247.vn/u17-quoc-gia-c161.rss" },
        { "name": "5.8. Futsal", "url": "https://thethao247.vn/futsal-c184.rss" },
        { "name": "5.9. Futsal World Cup 2026", "url": "https://thethao247.vn/futsal-world-cup-c198.rss" },
        { "name": "6. Bóng đá quốc tế", "url": "https://thethao247.vn/bong-da-quoc-te-c2.rss" },
        { "name": "7. Ngoại hạng Anh", "url": "https://thethao247.vn/ngoai-hang-anh-c8.rss" },
        { "name": "8. Bóng đá Tây Ban Nha - La Liga", "url": "https://thethao247.vn/bong-da-tay-ban-nha-la-liga-c9.rss" },
        { "name": "8.1. La Liga", "url": "https://thethao247.vn/La-Liga-c59.rss" },
        { "name": "9. Bóng đá Ý - Serie A", "url": "https://thethao247.vn/bong-da-y-serie-a-c10.rss" },
        { "name": "10. Ligue 1", "url": "https://thethao247.vn/ligue-1-c12.rss" },
        { "name": "11. Cúp C1", "url": "https://thethao247.vn/cup-c1-c13.rss" },
        { "name": "12. Bóng đá Đức", "url": "https://thethao247.vn/bong-da-duc-c11.rss" },
        { "name": "13. Thể thao", "url": "https://thethao247.vn/the-thao-tong-hop-c5.rss" },
        { "name": "14. Bản tin thể thao", "url": "https://thethao247.vn/ban-tin-the-thao-c40.rss" },
        { "name": "15. Bóng chuyền", "url": "https://thethao247.vn/bong-chuyen-c45.rss" }
      ],
      "Dantri.com.vn": [
        { "name": "1. Trang chủ", "url": "https://dantri.com.vn/rss/home.rss" },
        { "name": "2. Thời sự", "url": "https://dantri.com.vn/rss/thoi-su.rss" },
        { "name": "3. Pháp luật", "url": "https://dantri.com.vn/rss/phap-luat.rss" },
        { "name": "4. Sự kiện", "url": "https://dantri.com.vn/rss/su-kien.rss" },
        { "name": "5. Thế giới", "url": "https://dantri.com.vn/rss/the-gioi.rss" },
        { "name": "6. Đời sống", "url": "https://dantri.com.vn/rss/doi-song.rss" },
        { "name": "7. Thể thao", "url": "https://dantri.com.vn/rss/the-thao.rss" },
        { "name": "8. Lao động - Việc làm", "url": "https://dantri.com.vn/rss/lao-dong-viec-lam.rss" },
        { "name": "9. Giáo dục", "url": "https://dantri.com.vn/rss/giao-duc.rss" },
        { "name": "10. Tấm lòng nhân ái", "url": "https://dantri.com.vn/rss/tam-long-nhan-ai.rss" },
        { "name": "11. Kinh doanh", "url": "https://dantri.com.vn/rss/kinh-doanh.rss" },
        { "name": "12. Bất động sản", "url": "https://dantri.com.vn/rss/bat-dong-san.rss" },
        { "name": "13. Giải trí", "url": "https://dantri.com.vn/rss/giai-tri.rss" },
        { "name": "14. Du lịch", "url": "https://dantri.com.vn/rss/du-lich.rss" },
        { "name": "15. Sức khỏe", "url": "https://dantri.com.vn/rss/suc-khoe.rss" },
        { "name": "16. Công nghệ", "url": "https://dantri.com.vn/rss/cong-nghe.rss" },
        { "name": "17. Ô tô - Xe máy", "url": "https://dantri.com.vn/rss/o-to-xe-may.rss" },
        { "name": "18. Tình yêu - Giới tính", "url": "https://dantri.com.vn/rss/tinh-yeu-gioi-tinh.rss" },
        { "name": "19. Khoa học", "url": "https://dantri.com.vn/rss/khoa-hoc.rss" },
        { "name": "20. Nội vụ", "url": "https://dantri.com.vn/rss/noi-vu.rss" },
        { "name": "21. Bạn đọc", "url": "https://dantri.com.vn/rss/ban-doc.rss" },
        { "name": "22. Tâm điểm", "url": "https://dantri.com.vn/rss/tam-diem.rss" }
      ],
      "Cafebiz.vn": [
        { "name": "1. Trang chủ", "url": "https://cafebiz.vn/rss/home.rss" },
        { "name": "2. Xã hội", "url": "https://cafebiz.vn/rss/xa-hoi.rss" },
        { "name": "3. Kinh tế vĩ mô", "url": "https://cafebiz.vn/rss/vi-mo.rss" },
        { "name": "4. Kinh doanh", "url": "https://cafebiz.vn/rss/cau-chuyen-kinh-doanh.rss" },
        { "name": "5. Công nghệ", "url": "https://cafebiz.vn/rss/cong-nghe.rss" },
        { "name": "6. Sống", "url": "https://cafebiz.vn/rss/song.rss" },
        { "name": "7. Hành trình từ trái tim", "url": "https://cafebiz.vn/rss/hanh-trinh-tu-trai-tim.rss" },
        { "name": "8. Sức bật tư nhân", "url": "https://cafebiz.vn/rss/suc-bat-tu-nhan.rss" },
        { "name": "9. BizMoney", "url": "https://cafebiz.vn/rss/bizmoney.rss" },
        { "name": "10. CEO Circle", "url": "https://cafebiz.vn/rss/ceo-circle.rss" },
        { "name": "11. Hội đồng thẩm định", "url": "https://cafebiz.vn/rss/hoi-dong-tham-dinh.rss" },
        { "name": "12. Hội đồng đề cử", "url": "https://cafebiz.vn/rss/hoi-dong-de-cu.rss" }
      ],
      "CafeF.vn": [
        { "name": "1. Xã Hội", "url": "https://cafef.vn/xa-hoi.rss" },
        { "name": "2. Thị Trường Chứng Khoán", "url": "https://cafef.vn/thi-truong-chung-khoan.rss" },
        { "name": "3. Bất Động Sản", "url": "https://cafef.vn/bat-dong-san.rss" },
        { "name": "4. Doanh Nghiệp", "url": "https://cafef.vn/doanh-nghiep.rss" },
        { "name": "5. Tài Chính Ngân Hàng", "url": "https://cafef.vn/tai-chinh-ngan-hang.rss" },
        { "name": "6. Tài Chính Quốc Tế", "url": "https://cafef.vn/tai-chinh-quoc-te.rss" },
        { "name": "7. Smart Money", "url": "https://cafef.vn/smart-money.rss" },
        { "name": "8. Vi Mô Đầu Tư", "url": "https://cafef.vn/vi-mo-dau-tu.rss" },
        { "name": "9. Kinh Tế Số", "url": "https://cafef.vn/kinh-te-so.rss" },
        { "name": "10. Thị Trường", "url": "https://cafef.vn/thi-truong.rss" },
        { "name": "11. Sống", "url": "https://cafef.vn/song.rss" },
        { "name": "12. Lifestyle", "url": "https://cafef.vn/lifestyle.rss" },
        { "name": "13. Hội Nghị Hội Thảo", "url": "https://cafef.vn/hoi-nghi-hoi-thao.rss" },
        { "name": "14. Doanh Nghiệp Giới Thiệu", "url": "https://cafef.vn/doanh-nghiep-gioi-thieu.rss" }
      ],
      "Tuoitre.vn": [
        { "name": "1. Trang chủ", "url": "https://tuoitre.vn/rss/tin-moi-nhat.rss" },
        { "name": "2. Thời sự", "url": "https://tuoitre.vn/rss/thoi-su.rss" },
        { "name": "3. Thế giới", "url": "https://tuoitre.vn/rss/the-gioi.rss" },
        { "name": "4. Pháp luật", "url": "https://tuoitre.vn/rss/phap-luat.rss" },
        { "name": "5. Kinh doanh", "url": "https://tuoitre.vn/rss/kinh-doanh.rss" },
        { "name": "6. Công nghệ", "url": "https://tuoitre.vn/rss/nhip-song-so.rss" },
        { "name": "7. Xe", "url": "https://tuoitre.vn/rss/xe.rss" },
        { "name": "8. Nhịp sống trẻ", "url": "https://tuoitre.vn/rss/nhip-song-tre.rss" },
        { "name": "9. Văn hóa", "url": "https://tuoitre.vn/rss/van-hoa.rss" },
        { "name": "10. Giải trí", "url": "https://tuoitre.vn/rss/giai-tri.rss" },
        { "name": "11. Thể thao", "url": "https://tuoitre.vn/rss/the-thao.rss" },
        { "name": "12. Giáo dục", "url": "https://tuoitre.vn/rss/giao-duc.rss" },
        { "name": "13. Khoa học", "url": "https://tuoitre.vn/rss/khoa-hoc.rss" },
        { "name": "14. Sức khỏe", "url": "https://tuoitre.vn/rss/suc-khoe.rss" },
        { "name": "15. Giả thật", "url": "https://tuoitre.vn/rss/gia-that.rss" },
        { "name": "16. Thư giãn", "url": "https://tuoitre.vn/rss/thu-gian.rss" },
        { "name": "17. Bạn đọc", "url": "https://tuoitre.vn/rss/ban-doc.rss" },
        { "name": "18. Du lịch", "url": "https://tuoitre.vn/rss/du-lich.rss" }
      ],
      "Thanhnien.vn": [
        { "name": "1. Trang chủ", "url": "https://thanhnien.vn/rss/home.rss" },
        { "name": "2. Thời sự", "url": "https://thanhnien.vn/rss/thoi-su.rss" },
        { "name": "3. Chính trị", "url": "https://thanhnien.vn/rss/chinh-tri.rss" },
        { "name": "4. Chào ngày mới", "url": "https://thanhnien.vn/rss/chao-ngay-moi.rss" },
        { "name": "5. Thế giới", "url": "https://thanhnien.vn/rss/the-gioi.rss" },
        { "name": "6. Kinh tế", "url": "https://thanhnien.vn/rss/kinh-te.rss" },
        { "name": "7. Đời sống", "url": "https://thanhnien.vn/rss/doi-song.rss" },
        { "name": "8. Sức khỏe", "url": "https://thanhnien.vn/rss/suc-khoe.rss" },
        { "name": "9. Giới trẻ", "url": "https://thanhnien.vn/rss/gioi-tre.rss" },
        { "name": "10. Tiêu dùng thông minh", "url": "https://thanhnien.vn/rss/tieu-dung-thong-minh.rss" },
        { "name": "11. Giáo dục", "url": "https://thanhnien.vn/rss/giao-duc.rss" },
        { "name": "12. Du lịch", "url": "https://thanhnien.vn/rss/du-lich.rss" },
        { "name": "13. Văn hóa", "url": "https://thanhnien.vn/rss/van-hoa.rss" },
        { "name": "14. Giải trí", "url": "https://thanhnien.vn/rss/giai-tri.rss" },
        { "name": "15. Thể thao", "url": "https://thanhnien.vn/rss/the-thao.rss" },
        { "name": "16. Công nghệ", "url": "https://thanhnien.vn/rss/cong-nghe.rss" },
        { "name": "17. Xe", "url": "https://thanhnien.vn/rss/xe.rss" },
        { "name": "18. Thời trang trẻ", "url": "https://thanhnien.vn/rss/thoi-trang-tre.rss" },
        { "name": "19. Bạn đọc", "url": "https://thanhnien.vn/rss/ban-doc.rss" },
        { "name": "20. Rao vặt", "url": "https://thanhnien.vn/rss/rao-vat.rss" },
        { "name": "21. Diễn đàn", "url": "https://thanhnien.vn/rss/dien-dan.rss" },
        { "name": "22. Bạn cần biết", "url": "https://thanhnien.vn/rss/ban-can-biet.rss" },
        { "name": "23. Blog phóng viên", "url": "https://thanhnien.vn/rss/blog-phong-vien.rss" },
        { "name": "24. Tin thị trường", "url": "https://thanhnien.vn/rss/thi-truong.rss" }
      ]
    }
  },
  "bao_nuoc_ngoai": {
    "lists": [
      "The Guardian",
      "CNN"
    ],
    "categories": {
      "The Guardian": [
        { "name": "Top Stories", "url": "https://www.theguardian.com/world/rss" },
        { "name": "World News", "url": "https://www.theguardian.com/world/rss" },
        { "name": "US News", "url": "https://www.theguardian.com/us-news/rss" },
        { "name": "Business", "url": "https://www.theguardian.com/uk/business/rss" },
        { "name": "Technology", "url": "https://www.theguardian.com/uk/technology/rss" },
        { "name": "Science", "url": "https://www.theguardian.com/science/rss" },
        { "name": "Environment", "url": "https://www.theguardian.com/environment/rss" },
        { "name": "Culture", "url": "https://www.theguardian.com/culture/rss" },
        { "name": "Sports", "url": "https://www.theguardian.com/uk/sport/rss" }
      ],
      "NYTimes": [
        { "name": "Top Stories", "url": "https://rss.nytimes.com/services/xml/rss/nyt/HomePage.xml" },
        { "name": "World", "url": "https://rss.nytimes.com/services/xml/rss/nyt/World.xml" },
        { "name": "US", "url": "https://rss.nytimes.com/services/xml/rss/nyt/US.xml" },
        { "name": "Politics", "url": "https://rss.nytimes.com/services/xml/rss/nyt/Politics.xml" },
        { "name": "Business", "url": "https://rss.nytimes.com/services/xml/rss/nyt/Business.xml" },
        { "name": "Technology", "url": "https://rss.nytimes.com/services/xml/rss/nyt/Technology.xml" },
        { "name": "Science", "url": "https://rss.nytimes.com/services/xml/rss/nyt/Science.xml" },
        { "name": "Health", "url": "https://rss.nytimes.com/services/xml/rss/nyt/Health.xml" },
        { "name": "Arts", "url": "https://rss.nytimes.com/services/xml/rss/nyt/Arts.xml" },
        { "name": "Sports", "url": "https://rss.nytimes.com/services/xml/rss/nyt/Sports.xml" }
      ],
      "Reuters": [
        { "name": "Top News", "url": "http://feeds.reuters.com/reuters/topNews" },
        { "name": "World News", "url": "http://feeds.reuters.com/Reuters/worldNews" },
        { "name": "Business", "url": "http://feeds.reuters.com/reuters/businessNews" },
        { "name": "Technology", "url": "http://feeds.reuters.com/reuters/technologyNews" },
        { "name": "Science", "url": "http://feeds.reuters.com/reuters/scienceNews" },
        { "name": "Health", "url": "http://feeds.reuters.com/reuters/healthNews" },
        { "name": "Entertainment", "url": "http://feeds.reuters.com/reuters/entertainment" }
      ],
      "CNN": [
        { "name": "Top Stories", "url": "http://rss.cnn.com/rss/edition.rss" },
        { "name": "World", "url": "http://rss.cnn.com/rss/edition_world.rss" },
        { "name": "US", "url": "http://rss.cnn.com/rss/edition_us.rss" },
        { "name": "Business", "url": "http://rss.cnn.com/rss/money_news_international.rss" },
        { "name": "Technology", "url": "http://rss.cnn.com/rss/edition_technology.rss" },
        { "name": "Health", "url": "http://rss.cnn.com/rss/edition_health.rss" },
        { "name": "Entertainment", "url": "http://rss.cnn.com/rss/edition_entertainment.rss" },
        { "name": "Travel", "url": "http://rss.cnn.com/rss/edition_travel.rss" },
        { "name": "Style", "url": "http://rss.cnn.com/rss/edition_style.rss" },
        { "name": "Sports", "url": "http://rss.cnn.com/rss/edition_sport.rss" }
      ],
      "Bloomberg": [
        { "name": "Top News", "url": "https://www.bloomberg.com/feed/podcast/etf-report.xml" },
        { "name": "World", "url": "https://www.bloomberg.com/feeds/site/world.xml" },
        { "name": "Markets", "url": "https://www.bloomberg.com/feeds/site/markets.xml" },
        { "name": "Politics", "url": "https://www.bloomberg.com/feeds/site/politics.xml" },
        { "name": "Technology", "url": "https://www.bloomberg.com/feeds/site/technology.xml" },
        { "name": "Business", "url": "https://www.bloomberg.com/feeds/site/business.xml" },
        { "name": "Energy & Environment", "url": "https://www.bloomberg.com/feeds/site/energy.xml" }
      ]
    }
  }

}
