{
  "24h.com.vn": [
    { "name": "Trang chủ", "url": "https://cdn.24h.com.vn/upload/rss/trangchu24h.rss" },
    { "name": "Tin tức trong ngày", "url": "https://cdn.24h.com.vn/upload/rss/tintuctrongngay.rss" },
    { "name": "Bóng đá", "url": "https://cdn.24h.com.vn/upload/rss/bongda.rss" },
    { "name": "Thời trang", "url": "https://cdn.24h.com.vn/upload/rss/thoitrang.rss" },
    { "name": "Thời trang Hi-tech", "url": "https://cdn.24h.com.vn/upload/rss/thoitranghitech.rss" },
    { "name": "Ẩm thực", "url": "https://cdn.24h.com.vn/upload/rss/amthuc.rss" },
    { "name": "Làm đẹp", "url": "https://cdn.24h.com.vn/upload/rss/lamdep.rss" },
    { "name": "Phim", "url": "https://cdn.24h.com.vn/upload/rss/phim.rss" },
    { "name": "Giáo dục - du học", "url": "https://cdn.24h.com.vn/upload/rss/giaoducduhoc.rss" },
    { "name": "Bạn trẻ - Cuộc sống", "url": "https://cdn.24h.com.vn/upload/rss/bantrecuocsong.rss" },
    { "name": "Ca nhạc - MTV", "url": "https://cdn.24h.com.vn/upload/rss/canhacmtv.rss" },
    { "name": "Thể thao", "url": "https://cdn.24h.com.vn/upload/rss/thethao.rss" },
    { "name": "Công nghệ thông tin", "url": "https://cdn.24h.com.vn/upload/rss/congnghethongtin.rss" },
    { "name": "Ô tô", "url": "https://cdn.24h.com.vn/upload/rss/oto.rss" },
    { "name": "Thị trường - Tiêu dùng", "url": "https://cdn.24h.com.vn/upload/rss/thitruongtieudung.rss" },
    { "name": "Du lịch", "url": "https://cdn.24h.com.vn/upload/rss/dulich24h.rss" },
    { "name": "Sức khỏe đời sống", "url": "https://cdn.24h.com.vn/upload/rss/suckhoedoisong.rss" },
    { "name": "Cười 24h", "url": "https://cdn.24h.com.vn/upload/rss/cuoi24h.rss" }
  ],
  "vnexpress.net": [
    { "name": "Tin mới nhất", "url": "https://vnexpress.net/rss/tin-moi-nhat.rss" },
    { "name": "Tin nổi bật", "url": "https://vnexpress.net/rss/tin-noi-bat.rss" },
    { "name": "Tin xem nhiều", "url": "https://vnexpress.net/rss/tin-xem-nhieu.rss" },
    { "name": "Thế giới", "url": "https://vnexpress.net/rss/the-gioi.rss" },
    { "name": "Thời sự", "url": "https://vnexpress.net/rss/thoi-su.rss" },
    { "name": "Kinh doanh", "url": "https://vnexpress.net/rss/kinh-doanh.rss" },
    { "name": "Startup", "url": "https://vnexpress.net/rss/startup.rss" },
    { "name": "Giải trí", "url": "https://vnexpress.net/rss/giai-tri.rss" },
    { "name": "Thể thao", "url": "https://vnexpress.net/rss/the-thao.rss" },
    { "name": "Pháp luật", "url": "https://vnexpress.net/rss/phap-luat.rss" },
    { "name": "Giáo dục", "url": "https://vnexpress.net/rss/giao-duc.rss" },
    { "name": "Sức khỏe", "url": "https://vnexpress.net/rss/suc-khoe.rss" },
    { "name": "Gia đình", "url": "https://vnexpress.net/rss/gia-dinh.rss" },
    { "name": "Du lịch", "url": "https://vnexpress.net/rss/du-lich.rss" },
    { "name": "Khoa học - Công nghệ", "url": "https://vnexpress.net/rss/khoa-hoc-cong-nghe.rss" },
    { "name": "Ô tô - Xe máy", "url": "https://vnexpress.net/rss/oto-xe-may.rss" },
    { "name": "Ý kiến", "url": "https://vnexpress.net/rss/y-kien.rss" },
    { "name": "Tâm sự", "url": "https://vnexpress.net/rss/tam-su.rss" },
    { "name": "Cười", "url": "https://vnexpress.net/rss/cuoi.rss" }
  ],
  "dantri.com.vn": [
    { "name": "Trang chủ", "url": "https://dantri.com.vn/rss/home.rss" },
    { "name": "Thời sự", "url": "https://dantri.com.vn/rss/thoi-su.rss" },
    { "name": "Pháp luật", "url": "https://dantri.com.vn/rss/phap-luat.rss" },
    { "name": "Sự kiện", "url": "https://dantri.com.vn/rss/su-kien.rss" },
    { "name": "Thế giới", "url": "https://dantri.com.vn/rss/the-gioi.rss" },
    { "name": "Đời sống", "url": "https://dantri.com.vn/rss/doi-song.rss" },
    { "name": "Thể thao", "url": "https://dantri.com.vn/rss/the-thao.rss" },
    { "name": "Lao động - Việc làm", "url": "https://dantri.com.vn/rss/lao-dong-viec-lam.rss" },
    { "name": "Giáo dục", "url": "https://dantri.com.vn/rss/giao-duc.rss" },
    { "name": "Tấm lòng nhân ái", "url": "https://dantri.com.vn/rss/tam-long-nhan-ai.rss" },
    { "name": "Kinh doanh", "url": "https://dantri.com.vn/rss/kinh-doanh.rss" },
    { "name": "Bất động sản", "url": "https://dantri.com.vn/rss/bat-dong-san.rss" },
    { "name": "Giải trí", "url": "https://dantri.com.vn/rss/giai-tri.rss" },
    { "name": "Du lịch", "url": "https://dantri.com.vn/rss/du-lich.rss" },
    { "name": "Sức khỏe", "url": "https://dantri.com.vn/rss/suc-khoe.rss" },
    { "name": "Công nghệ", "url": "https://dantri.com.vn/rss/cong-nghe.rss" },
    { "name": "Ô tô - Xe máy", "url": "https://dantri.com.vn/rss/o-to-xe-may.rss" },
    { "name": "Tình yêu - Giới tính", "url": "https://dantri.com.vn/rss/tinh-yeu-gioi-tinh.rss" },
    { "name": "Khoa học", "url": "https://dantri.com.vn/rss/khoa-hoc.rss" },
    { "name": "Nội vụ", "url": "https://dantri.com.vn/rss/noi-vu.rss" },
    { "name": "Bạn đọc", "url": "https://dantri.com.vn/rss/ban-doc.rss" },
    { "name": "Tâm điểm", "url": "https://dantri.com.vn/rss/tam-diem.rss" }
  ]
}
