{
  "24h.com.vn": [
    { "name": "1. Trang chủ", "url": "https://cdn.24h.com.vn/upload/rss/trangchu24h.rss" },
    { "name": "2. Tin tức trong ngày", "url": "https://cdn.24h.com.vn/upload/rss/tintuctrongngay.rss" },
    { "name": "3. Bóng đá", "url": "https://cdn.24h.com.vn/upload/rss/bongda.rss" },
    { "name": "4. Thời trang", "url": "https://cdn.24h.com.vn/upload/rss/thoitrang.rss" },
    { "name": "5. Thời trang Hi-tech", "url": "https://cdn.24h.com.vn/upload/rss/thoitranghitech.rss" },
    { "name": "6. Ẩm thực", "url": "https://cdn.24h.com.vn/upload/rss/amthuc.rss" },
    { "name": "7. Làm đẹp", "url": "https://cdn.24h.com.vn/upload/rss/lamdep.rss" },
    { "name": "8. Phim", "url": "https://cdn.24h.com.vn/upload/rss/phim.rss" },
    { "name": "9. Giáo dục - du học", "url": "https://cdn.24h.com.vn/upload/rss/giaoducduhoc.rss" },
    { "name": "10. Bạn trẻ - Cuộc sống", "url": "https://cdn.24h.com.vn/upload/rss/bantrecuocsong.rss" },
    { "name": "11. Ca nhạc - MTV", "url": "https://cdn.24h.com.vn/upload/rss/canhacmtv.rss" },
    { "name": "12. Thể thao", "url": "https://cdn.24h.com.vn/upload/rss/thethao.rss" },
    { "name": "13. Công nghệ thông tin", "url": "https://cdn.24h.com.vn/upload/rss/congnghethongtin.rss" },
    { "name": "14. Ô tô", "url": "https://cdn.24h.com.vn/upload/rss/oto.rss" },
    { "name": "15. Thị trường - Tiêu dùng", "url": "https://cdn.24h.com.vn/upload/rss/thitruongtieudung.rss" },
    { "name": "16. Du lịch", "url": "https://cdn.24h.com.vn/upload/rss/dulich24h.rss" },
    { "name": "17. Sức khỏe đời sống", "url": "https://cdn.24h.com.vn/upload/rss/suckhoedoisong.rss" },
    { "name": "18. Cười 24h", "url": "https://cdn.24h.com.vn/upload/rss/cuoi24h.rss" }
  ],
  "vnexpress.net": [
    { "name": "1. Tin mới nhất", "url": "https://vnexpress.net/rss/tin-moi-nhat.rss" },
    { "name": "2. Tin nổi bật", "url": "https://vnexpress.net/rss/tin-noi-bat.rss" },
    { "name": "3. Tin xem nhiều", "url": "https://vnexpress.net/rss/tin-xem-nhieu.rss" },
    { "name": "4. Thế giới", "url": "https://vnexpress.net/rss/the-gioi.rss" },
    { "name": "5. Thời sự", "url": "https://vnexpress.net/rss/thoi-su.rss" },
    { "name": "6. Kinh doanh", "url": "https://vnexpress.net/rss/kinh-doanh.rss" },
    { "name": "7. Startup", "url": "https://vnexpress.net/rss/startup.rss" },
    { "name": "8. Giải trí", "url": "https://vnexpress.net/rss/giai-tri.rss" },
    { "name": "9. Thể thao", "url": "https://vnexpress.net/rss/the-thao.rss" },
    { "name": "10. Pháp luật", "url": "https://vnexpress.net/rss/phap-luat.rss" },
    { "name": "11. Giáo dục", "url": "https://vnexpress.net/rss/giao-duc.rss" },
    { "name": "12. Sức khỏe", "url": "https://vnexpress.net/rss/suc-khoe.rss" },
    { "name": "13. Gia đình", "url": "https://vnexpress.net/rss/gia-dinh.rss" },
    { "name": "14. Du lịch", "url": "https://vnexpress.net/rss/du-lich.rss" },
    { "name": "15. Khoa học - Công nghệ", "url": "https://vnexpress.net/rss/khoa-hoc-cong-nghe.rss" },
    { "name": "16. Ô tô - Xe máy", "url": "https://vnexpress.net/rss/oto-xe-may.rss" },
    { "name": "17. Ý kiến", "url": "https://vnexpress.net/rss/y-kien.rss" },
    { "name": "18. Tâm sự", "url": "https://vnexpress.net/rss/tam-su.rss" },
    { "name": "19. Cười", "url": "https://vnexpress.net/rss/cuoi.rss" }
  ],
  "dantri.com.vn": [
    { "name": "1. Trang chủ", "url": "https://dantri.com.vn/rss/home.rss" },
    { "name": "2. Thời sự", "url": "https://dantri.com.vn/rss/thoi-su.rss" },
    { "name": "3. Pháp luật", "url": "https://dantri.com.vn/rss/phap-luat.rss" },
    { "name": "4. Sự kiện", "url": "https://dantri.com.vn/rss/su-kien.rss" },
    { "name": "5. Thế giới", "url": "https://dantri.com.vn/rss/the-gioi.rss" },
    { "name": "6. Đời sống", "url": "https://dantri.com.vn/rss/doi-song.rss" },
    { "name": "7. Thể thao", "url": "https://dantri.com.vn/rss/the-thao.rss" },
    { "name": "8. Lao động - Việc làm", "url": "https://dantri.com.vn/rss/lao-dong-viec-lam.rss" },
    { "name": "9. Giáo dục", "url": "https://dantri.com.vn/rss/giao-duc.rss" },
    { "name": "10. Tấm lòng nhân ái", "url": "https://dantri.com.vn/rss/tam-long-nhan-ai.rss" },
    { "name": "11. Kinh doanh", "url": "https://dantri.com.vn/rss/kinh-doanh.rss" },
    { "name": "12. Bất động sản", "url": "https://dantri.com.vn/rss/bat-dong-san.rss" },
    { "name": "13. Giải trí", "url": "https://dantri.com.vn/rss/giai-tri.rss" },
    { "name": "14. Du lịch", "url": "https://dantri.com.vn/rss/du-lich.rss" },
    { "name": "15. Sức khỏe", "url": "https://dantri.com.vn/rss/suc-khoe.rss" },
    { "name": "16. Công nghệ", "url": "https://dantri.com.vn/rss/cong-nghe.rss" },
    { "name": "17. Ô tô - Xe máy", "url": "https://dantri.com.vn/rss/o-to-xe-may.rss" },
    { "name": "18. Tình yêu - Giới tính", "url": "https://dantri.com.vn/rss/tinh-yeu-gioi-tinh.rss" },
    { "name": "19. Khoa học", "url": "https://dantri.com.vn/rss/khoa-hoc.rss" },
    { "name": "20. Nội vụ", "url": "https://dantri.com.vn/rss/noi-vu.rss" },
    { "name": "21. Bạn đọc", "url": "https://dantri.com.vn/rss/ban-doc.rss" },
    { "name": "22. Tâm điểm", "url": "https://dantri.com.vn/rss/tam-diem.rss" }
  ]
}
