{
  "truyenfull": {
    "lists": [
      { "name": "1. Truyện mới cập nhật", "url": "https://truyenfull.vision/danh-sach/truyen-moi/" },
      { "name": "2. Truyện Hot", "url": "https://truyenfull.vision/danh-sach/truyen-hot/" },
      { "name": "3. Truyện Full", "url": "https://truyenfull.vision/danh-sach/truyen-full/" },
      { "name": "4. Tiên Hiệp Hay", "url": "https://truyenfull.vision/danh-sach/tien-hiep-hay/" },
      { "name": "5. Kiếm Hiệp Hay", "url": "https://truyenfull.vision/danh-sach/kiem-hiep-hay/" },
      { "name": "6. Truyện Teen Hay", "url": "https://truyenfull.vision/danh-sach/truyen-teen-hay/" },
      { "name": "7. Ngôn Tình Hay", "url": "https://truyenfull.vision/danh-sach/ngon-tinh-hay/" },
      { "name": "8. Ngôn Tình Ngược", "url": "https://truyenfull.vision/danh-sach/ngon-tinh-nguoc/" },
      { "name": "9. Ngôn Tình Sủng", "url": "https://truyenfull.vision/danh-sach/ngon-tinh-sung/" },
      { "name": "10. Ngôn Tình Hài", "url": "https://truyenfull.vision/danh-sach/ngon-tinh-hai/" },
      { "name": "11. Đam Mỹ Hai", "url": "https://truyenfull.vision/danh-sach/dam-my-hai/" },
      { "name": "12. Đam Mỹ Hay", "url": "https://truyenfull.vision/danh-sach/dam-my-hay/" }
    ],
    "genres": [
    { "name":"1. Tiên hiệp", "url":"https://truyenfull.vision/the-loai/tien-hiep" },
    { "name":"2. Ngôn tình", "url":"https://truyenfull.vision/the-loai/ngon-tinh" },
    { "name":"3. Quan trường", "url":"https://truyenfull.vision/the-loai/quan-truong" },
    { "name":"4. Khoa huyễn", "url":"https://truyenfull.vision/the-loai/khoa-huyen" },
    { "name":"5. Huyền huyễn", "url":"https://truyenfull.vision/the-loai/huyen-huyen" },
    { "name":"6. Dị năng", "url":"https://truyenfull.vision/the-loai/di-nang" },
    { "name":"7. Dã sử", "url":"https://truyenfull.vision/the-loai/da-su" },
    { "name":"8. Xuyên nhanh", "url":"https://truyenfull.vision/the-loai/xuyen-nhanh" },
    { "name":"9. Trinh thám", "url":"https://truyenfull.vision/the-loai/trinh-tham" },
    { "name":"10. Linh dị", "url":"https://truyenfull.vision/the-loai/linh-di" },
    { "name":"11. Sủng", "url":"https://truyenfull.vision/the-loai/sung" },
    { "name":"12. Nữ cường", "url":"https://truyenfull.vision/the-loai/nu-cuong" },
    { "name":"13. Đông phương", "url":"https://truyenfull.vision/the-loai/dong-phuong" },
    { "name":"14. Bách hợp", "url":"https://truyenfull.vision/the-loai/bach-hop" },
    { "name":"15. Điền văn", "url":"https://truyenfull.vision/the-loai/dien-van" },
    { "name":"16. Mạt thế", "url":"https://truyenfull.vision/the-loai/mat-the" },
    { "name":"17. Phương tây", "url":"https://truyenfull.vision/the-loai/phuong-tay" },
    { "name":"18. Light novel", "url":"https://truyenfull.vision/the-loai/light-novel" },
    { "name":"19. Đoản văn", "url":"https://truyenfull.vision/the-loai/doan-van" },
    { "name":"20. Thanh xuân", "url":"https://truyenfull.vision/the-loai/thanh-xuan" },
    { "name":"21. Đồng nhân", "url":"https://truyenfull.vision/the-loai/dong-nhan" },
    { "name":"22. Kiếm hiệp", "url":"https://truyenfull.vision/the-loai/kiem-hiep" },
    { "name":"23. Đam mỹ", "url":"https://truyenfull.vision/the-loai/dam-my" },
    { "name":"24. Võng du", "url":"https://truyenfull.vision/the-loai/vong-du" },
    { "name":"25. Hệ thống", "url":"https://truyenfull.vision/the-loai/he-thong" },
    { "name":"26. Dị giới", "url":"https://truyenfull.vision/the-loai/di-gioi" },
    { "name":"27. Quân sự", "url":"https://truyenfull.vision/the-loai/quan-su" },
    { "name":"28. Xuyên không", "url":"https://truyenfull.vision/the-loai/xuyen-khong" },
    { "name":"29. Trọng sinh", "url":"https://truyenfull.vision/the-loai/trong-sinh" },
    { "name":"30. Thám hiểm", "url":"https://truyenfull.vision/the-loai/tham-hiem" },
    { "name":"31. Ngược", "url":"https://truyenfull.vision/the-loai/nguoc" },
    { "name":"32. Cung đấu", "url":"https://truyenfull.vision/the-loai/cung-dau" },
    { "name":"33. Gia đấu", "url":"https://truyenfull.vision/the-loai/gia-dau" },
    { "name":"34. Đô thị", "url":"https://truyenfull.vision/the-loai/do-thi" },
    { "name":"35. Hài ước", "url":"https://truyenfull.vision/the-loai/hai-huoc" },
    { "name":"36. Cổ đại", "url":"https://truyenfull.vision/the-loai/co-dai" },
    { "name":"37. Truyện teen", "url":"https://truyenfull.vision/the-loai/truyen-teen" },
    { "name":"38. Phụ nữ", "url":"https://truyenfull.vision/the-loai/nu-phu" },
    { "name":"39. Sắc", "url":"https://truyenfull.vision/the-loai/sac" },
    { "name":"40. Tiểu thuyết", "url":"https://truyenfull.vision/the-loai/tieu-thuyet" }
    ]
  },
  "truyenchu": {
    "lists": [
      { "name":"Truyện mới cập nhật", "url":"https://truyenchuhay.vn/danh-sach/truyen-moi" },
      { "name":"Truyện full", "url":"https://truyenchuhay.vn/danh-sach/truyen-full" },
      { "name":"Truyện dịch", "url":"https://truyenchuhay.vn/danh-sach/truyen-dich" },
      { "name":"Kiếm hiệp hay", "url":"https://truyenchuhay.vn/danh-sach/kiem-hiep-hay" },
      { "name":"Ngôn tình hay", "url":"https://truyenchuhay.vn/danh-sach/ngon-tinh-hay" },
      { "name":"Ngôn tình ngược", "url":"https://truyenchuhay.vn/danh-sach/ngon-tinh-nguoc" },
      { "name":"Ngôn tình hài", "url":"https://truyenchuhay.vn/danh-sach/ngon-tinh-hai" },
      { "name":"Đam mỹ hay", "url":"https://truyenchuhay.vn/danh-sach/dam-my-hay" },
      { "name":"Đam mỹ sắc", "url":"https://truyenchuhay.vn/danh-sach/dam-my-sac" },
      { "name":"Truyện hót", "url":"https://truyenchuhay.vn/danh-sach/truyen-hot" },
      { "name":"Truyện convert", "url":"https://truyenchuhay.vn/danh-sach/truyen-convert" },
      { "name":"Tiên hiệp hay", "url":"https://truyenchuhay.vn/danh-sach/tien-hiep-hay" },
      { "name":"Truyện teen hay", "url":"https://truyenchuhay.vn/danh-sach/truyen-teen-hay" },
      { "name":"Ngôn tình sắc", "url":"https://truyenchuhay.vn/danh-sach/ngon-tinh-sac" },
      { "name":"Ngôn tình sủng", "url":"https://truyenchuhay.vn/danh-sach/ngon-tinh-sung" },
      { "name":"Đam mỹ hài", "url":"https://truyenchuhay.vn/danh-sach/dam-my-hai" },
      { "name":"Đam mỹ H văn", "url":"https://truyenchuhay.vn/danh-sach/dam-my-h-van" }
    ],
    "genres": [
    { "name":"Tiên hiệp", "url":"https://truyenchuhay.vn/the-loai/tien-hiep" },
    { "name":"Ngôn tình", "url":"https://truyenchuhay.vn/the-loai/ngon-tinh" },
    { "name":"Quan trường", "url":"https://truyenchuhay.vn/the-loai/quan-truong" },
    { "name":"Khoa huyễn", "url":"https://truyenchuhay.vn/the-loai/khoa-huyen" },
    { "name":"Huyền huyễn", "url":"https://truyenchuhay.vn/the-loai/huyen-huyen" },
    { "name":"Dị năng", "url":"https://truyenchuhay.vn/the-loai/di-nang" },
    { "name":"Dã sử", "url":"https://truyenchuhay.vn/the-loai/da-su" },
    { "name":"Xuyên nhanh", "url":"https://truyenchuhay.vn/the-loai/xuyen-nhanh" },
    { "name":"Trinh thám", "url":"https://truyenchuhay.vn/the-loai/trinh-tham" },
    { "name":"Linh dị", "url":"https://truyenchuhay.vn/the-loai/linh-di" },
    { "name":"Sủng", "url":"https://truyenchuhay.vn/the-loai/sung" },
    { "name":"Nữ cường", "url":"https://truyenchuhay.vn/the-loai/nu-cuong" },
    { "name":"Đông phương", "url":"https://truyenchuhay.vn/the-loai/dong-phuong" },
    { "name":"Bách hợp", "url":"https://truyenchuhay.vn/the-loai/bach-hop" },
    { "name":"Điền văn", "url":"https://truyenchuhay.vn/the-loai/dien-van" },
    { "name":"Mạt thế", "url":"https://truyenchuhay.vn/the-loai/mat-the" },
    { "name":"Phương tây", "url":"https://truyenchuhay.vn/the-loai/phuong-tay" },
    { "name":"Light novel", "url":"https://truyenchuhay.vn/the-loai/light-novel" },
    { "name":"Đoản văn", "url":"https://truyenchuhay.vn/the-loai/doan-van" },
    { "name":"Thanh xuân", "url":"https://truyenchuhay.vn/the-loai/thanh-xuan" },
    { "name":"Đồng nhân", "url":"https://truyenchuhay.vn/the-loai/dong-nhan" },
    { "name":"Kiếm hiệp", "url":"https://truyenchuhay.vn/the-loai/kiem-hiep" },
    { "name":"Đam mỹ", "url":"https://truyenchuhay.vn/the-loai/dam-my" },
    { "name":"Võng du", "url":"https://truyenchuhay.vn/the-loai/vong-du" },
    { "name":"Hệ thống", "url":"https://truyenchuhay.vn/the-loai/he-thong" },
    { "name":"Dị giới", "url":"https://truyenchuhay.vn/the-loai/di-gioi" },
    { "name":"Quân sự", "url":"https://truyenchuhay.vn/the-loai/quan-su" },
    { "name":"Xuyên không", "url":"https://truyenchuhay.vn/the-loai/xuyen-khong" },
    { "name":"Trọng sinh", "url":"https://truyenchuhay.vn/the-loai/trong-sinh" },
    { "name":"Thám hiểm", "url":"https://truyenchuhay.vn/the-loai/tham-hiem" },
    { "name":"Ngược", "url":"https://truyenchuhay.vn/the-loai/nguoc" },
    { "name":"Cung đấu", "url":"https://truyenchuhay.vn/the-loai/cung-dau" },
    { "name":"Gia đấu", "url":"https://truyenchuhay.vn/the-loai/gia-dau" },
    { "name":"Đô thị", "url":"https://truyenchuhay.vn/the-loai/do-thi" },
    { "name":"Hài ước", "url":"https://truyenchuhay.vn/the-loai/hai-huoc" },
    { "name":"Cổ đại", "url":"https://truyenchuhay.vn/the-loai/co-dai" },
    { "name":"Truyện teen", "url":"https://truyenchuhay.vn/the-loai/truyen-teen" },
    { "name":"Phụ nữ", "url":"https://truyenchuhay.vn/the-loai/nu-phu" },
    { "name":"Sắc", "url":"https://truyenchuhay.vn/the-loai/sac" },
    { "name":"Tiểu thuyết", "url":"https://truyenchuhay.vn/the-loai/tieu-thuyet" }
    ]
  }
}
