[
  { "start": "Chuẩn 1.25 1.5", "end": "" },
  { "start": "Tốc độ đọc", "end": "" },
  { "start": "", "end": "Chia sẻ Gửi góp ý Lưu bài Bỏ lưu bài" },
  { "start": "Bạn có thể xem lại bài viết đã lưu ở trang Tin bài đã lưu", "end": "" },
  { "start": "Bạn có thể xem lại bài viết đã lưu ở trang Tin bài đã lưu Đồng ý Chia sẻ", "end": "" },
  { "start": "GMT+7 Chia sẻ", "end": "" },
  { "start": "Đồng ý Chia sẻ", "end": "" },
  { "start": "Liên hệ Thông tin toà soạn Liên hệ quảng cáo Thời sự", "end": "" },
  { "start": "", "end": "Chia sẻ Bình luận ( 0 ) Gửi bình luận" },
  { "start": "", "end": "Bình luận ( 0 ) Gửi bình luận" },
  { "start": "Chia sẻ (NLĐO) -", "end": "" },
  { "start": "Liên hệ Thông tin toà soạn Liên hệ quảng cáo Pháp luật", "end": "" },
  { "start": "Chia sẻ (NLĐO) -", "end": "" },
  { "start": "Thị trường Liên hệ Thông tin toà soạn Liên hệ quảng cáo Bạn đọc", "end": "" },
  { "start": "Tiêu dùng Doanh nghiệp Tài chính Bất động sản Nhịp sống Dự án mới", "end": "" },
  { "start": "Thị trường Liên hệ Thông tin toà soạn Liên hệ quảng cáo Sức khỏe", "end": "" },
  { "start": "Chia sẻ (NLĐO)-", "end": "" },
  { "start": "Liên hệ Thông tin toà soạn Liên hệ quảng cáo Văn hóa - Văn nghệ", "end": "" },
  { "start": "Thị trường Liên hệ Thông tin toà soạn Liên hệ quảng cáo Kinh tế Ôtô - Xe - Điện máy", "end": "" },
  { "start": "Nói thẳng Tin độc quyền Thị trường Liên hệ Thông tin toà soạn Liên hệ quảng cáo", "end": "" },
  { "start": "Thời trang nghề & nghiệp Tận hưởng Video Thời trang 24/7", "end": "" },
  { "start": "Bạn cần biết Liên hệ Thông tin toà soạn Liên hệ quảng cáo", "end": "" },
  { "start": "(VTC News) -", "end": "" }
]
